{
  "shuffle": true,
  "subset": null,
  "min_freq": 75,
  "lower": true,
  "stem": false,
  "analyzer": "char_wb",
  "ngram_max_range": 5,
  "alpha": 0.0001,
  "learning_rate": 0.1941051292090861,
  "power_t": 0.19021302160111697,
  "num_epochs": 100,
  "threshold": 0.6886392716983223
}
